LIMIT_BAL,SEX,EDUCATION,MARRIAGE,AGE,PAY_0,PAY_2,PAY_3,PAY_4,PAY_5,PAY_6,BILL_AMT1,BILL_AMT2,BILL_AMT3,BILL_AMT4,BILL_AMT5,BILL_AMT6,PAY_AMT1,PAY_AMT2,PAY_AMT3,PAY_AMT4,PAY_AMT5,PAY_AMT6,y
120000.0,2.0,2.0,2.0,26.0,-1.0,2.0,0.0,0.0,0.0,2.0,2682.0,1725.0,2682.0,3272.0,3455.0,3261.0,0.0,1000.0,1000.0,1000.0,0.0,2000.0,0.35264037456516917
90000.0,2.0,2.0,2.0,34.0,0.0,0.0,0.0,0.0,0.0,0.0,29239.0,14027.0,13559.0,14331.0,14948.0,15549.0,1518.0,1500.0,1000.0,1000.0,1000.0,5000.0,0.12797957811015187
