LIMIT_BAL,SEX,EDUCATION,MARRIAGE,AGE,PAY_0,PAY_2,PAY_3,PAY_4,PAY_5,PAY_6,BILL_AMT1,BILL_AMT2,BILL_AMT3,BILL_AMT4,BILL_AMT5,BILL_AMT6,PAY_AMT1,PAY_AMT2,PAY_AMT3,PAY_AMT4,PAY_AMT5,PAY_AMT6,y
119989.10401465985,1,2,0,31.695806153484934,0.5861270057550962,2.912725255295999,4.519451592370599,-0.5558047268245481,1.1355383324829649,1.2611243765619262,2642.8491987511316,1766.731092467905,2678.723016394635,3302.0397253709834,3462.350746876592,3266.77756209766,38.14668099702373,1011.3783669423974,1034.6946037187665,936.0759472570468,44.59152264460631,1987.5735871683871,0.5720091049712843
90047.13006891085,2,2,2,38.51204426471623,3.3296284339667164,4.5476197773038605,1.908926812918083,2.244468525027589,6.767300007284442,1.2291551576840565,29199.441164761756,14025.832161641954,13626.146485312649,14364.282193843372,14916.829030720879,15481.70043151701,1531.6959008552285,1496.0910757977044,1065.8182480538262,983.2355672142023,984.0648283315016,4984.502969292839,0.6477885176555317
